<?xml version="1.0" encoding="UTF-8"?><module codename="org.openide.loaders">
    <module_version install_time="1445549557315" last="true" origin="installer" specification_version="7.63.1">
        <file crc="1642338946" name="config/ModuleAutoDeps/org-openide-loaders.xml"/>
        <file crc="3241200" name="config/Modules/org-openide-loaders.xml"/>
        <file crc="4021317794" name="modules/locale/org-openide-loaders_ja.jar"/>
        <file crc="3667187872" name="modules/locale/org-openide-loaders_pt_BR.jar"/>
        <file crc="1401442744" name="modules/locale/org-openide-loaders_ru.jar"/>
        <file crc="676729538" name="modules/locale/org-openide-loaders_zh_CN.jar"/>
        <file crc="3636711194" name="modules/org-openide-loaders.jar"/>
    </module_version>
</module>
