<?xml version="1.0" encoding="UTF-8"?><module codename="org.netbeans.modules.uihandler">
    <module_version install_time="1445550008356" last="true" origin="installer" specification_version="2.34.1">
        <file crc="3675798995" name="config/Modules/org-netbeans-modules-uihandler.xml"/>
        <file crc="1481700477" name="modules/locale/org-netbeans-modules-uihandler_ja.jar"/>
        <file crc="1958309868" name="modules/locale/org-netbeans-modules-uihandler_pt_BR.jar"/>
        <file crc="1133325109" name="modules/locale/org-netbeans-modules-uihandler_ru.jar"/>
        <file crc="3883072268" name="modules/locale/org-netbeans-modules-uihandler_zh_CN.jar"/>
        <file crc="3386175103" name="modules/org-netbeans-modules-uihandler.jar"/>
    </module_version>
</module>
