<?xml version="1.0" encoding="UTF-8"?><module codename="org.openide.filesystems.nb">
    <module_version install_time="1445548902635" last="true" origin="installer" specification_version="9.7.1">
        <file crc="282384882" name="config/Modules/org-openide-filesystems-nb.xml"/>
        <file crc="1523652131" name="modules/locale/org-openide-filesystems-nb_ja.jar"/>
        <file crc="424828316" name="modules/locale/org-openide-filesystems-nb_pt_BR.jar"/>
        <file crc="2227496989" name="modules/locale/org-openide-filesystems-nb_ru.jar"/>
        <file crc="2753877013" name="modules/locale/org-openide-filesystems-nb_zh_CN.jar"/>
        <file crc="3006481896" name="modules/org-openide-filesystems-nb.jar"/>
    </module_version>
</module>
