<?xml version="1.0" encoding="UTF-8"?><module codename="org.netbeans.libs.jna.platform/1">
    <module_version install_time="1445549001668" last="true" origin="installer" specification_version="1.10.1">
        <file crc="2225677004" name="config/Modules/org-netbeans-libs-jna-platform.xml"/>
        <file crc="4277442778" name="modules/ext/jna-platform-4.1.0.jar"/>
        <file crc="347872011" name="modules/locale/org-netbeans-libs-jna-platform_ja.jar"/>
        <file crc="2206711262" name="modules/locale/org-netbeans-libs-jna-platform_pt_BR.jar"/>
        <file crc="1551114127" name="modules/locale/org-netbeans-libs-jna-platform_ru.jar"/>
        <file crc="3338709322" name="modules/locale/org-netbeans-libs-jna-platform_zh_CN.jar"/>
        <file crc="2705977092" name="modules/org-netbeans-libs-jna-platform.jar"/>
    </module_version>
</module>
