<?xml version="1.0" encoding="UTF-8"?><module codename="org.netbeans.core.nativeaccess/1">
    <module_version install_time="1445550209717" last="true" origin="installer" specification_version="1.30.1">
        <file crc="1370516056" name="config/Modules/org-netbeans-core-nativeaccess.xml"/>
        <file crc="2788421745" name="modules/locale/org-netbeans-core-nativeaccess_ja.jar"/>
        <file crc="2898404371" name="modules/locale/org-netbeans-core-nativeaccess_pt_BR.jar"/>
        <file crc="3787884913" name="modules/locale/org-netbeans-core-nativeaccess_ru.jar"/>
        <file crc="957268576" name="modules/locale/org-netbeans-core-nativeaccess_zh_CN.jar"/>
        <file crc="2588078632" name="modules/org-netbeans-core-nativeaccess.jar"/>
    </module_version>
</module>
