<?xml version="1.0" encoding="UTF-8"?><module codename="org.netbeans.core.startup/1">
    <module_version install_time="1445549430933" last="true" origin="installer" specification_version="1.61.1.1">
        <file crc="1587981288" name="config/ModuleAutoDeps/org-netbeans-core-startup.xml"/>
        <file crc="2986544408" name="core/core.jar"/>
        <file crc="158243764" name="core/locale/core_ja.jar"/>
        <file crc="992209653" name="core/locale/core_pt_BR.jar"/>
        <file crc="3332777127" name="core/locale/core_ru.jar"/>
        <file crc="3276376382" name="core/locale/core_zh_CN.jar"/>
    </module_version>
</module>
