<?xml version="1.0" encoding="UTF-8"?><module codename="org.netbeans.spi.quicksearch">
    <module_version install_time="1445549531657" last="true" origin="installer" specification_version="1.26.1">
        <file crc="2420451830" name="config/Modules/org-netbeans-spi-quicksearch.xml"/>
        <file crc="819750161" name="modules/locale/org-netbeans-spi-quicksearch_ja.jar"/>
        <file crc="3800750719" name="modules/locale/org-netbeans-spi-quicksearch_pt_BR.jar"/>
        <file crc="3334927400" name="modules/locale/org-netbeans-spi-quicksearch_ru.jar"/>
        <file crc="797137270" name="modules/locale/org-netbeans-spi-quicksearch_zh_CN.jar"/>
        <file crc="3048083331" name="modules/org-netbeans-spi-quicksearch.jar"/>
    </module_version>
</module>
