<?xml version="1.0" encoding="UTF-8"?><module codename="org.netbeans.modules.masterfs.windows">
    <module_version install_time="1445548993548" last="true" origin="installer" specification_version="1.15.1">
        <file crc="2941073432" name="config/Modules/org-netbeans-modules-masterfs-windows.xml"/>
        <file crc="3273302495" name="modules/locale/org-netbeans-modules-masterfs-windows_ja.jar"/>
        <file crc="1634366091" name="modules/locale/org-netbeans-modules-masterfs-windows_pt_BR.jar"/>
        <file crc="4277633640" name="modules/locale/org-netbeans-modules-masterfs-windows_ru.jar"/>
        <file crc="3281980728" name="modules/locale/org-netbeans-modules-masterfs-windows_zh_CN.jar"/>
        <file crc="2308176453" name="modules/org-netbeans-modules-masterfs-windows.jar"/>
    </module_version>
</module>
