<?xml version="1.0" encoding="UTF-8"?><module codename="org.netbeans.modules.progress.ui">
    <module_version install_time="1445552299119" last="true" origin="installer" specification_version="1.32.1">
        <file crc="3222128542" name="config/Modules/org-netbeans-modules-progress-ui.xml"/>
        <file crc="728374497" name="modules/locale/org-netbeans-modules-progress-ui_ja.jar"/>
        <file crc="1651679647" name="modules/locale/org-netbeans-modules-progress-ui_pt_BR.jar"/>
        <file crc="666520517" name="modules/locale/org-netbeans-modules-progress-ui_ru.jar"/>
        <file crc="2002914691" name="modules/locale/org-netbeans-modules-progress-ui_zh_CN.jar"/>
        <file crc="498937582" name="modules/org-netbeans-modules-progress-ui.jar"/>
    </module_version>
</module>
