<?xml version="1.0" encoding="UTF-8"?><module codename="org.netbeans.modules.javahelp/1">
    <module_version install_time="1445549622730" last="true" origin="installer" specification_version="2.40.1">
        <file crc="3126457443" name="config/Modules/org-netbeans-modules-javahelp.xml"/>
        <file crc="3125108413" name="modules/ext/jhall-2.0_05.jar"/>
        <file crc="2262042106" name="modules/locale/org-netbeans-modules-javahelp_ja.jar"/>
        <file crc="1976478717" name="modules/locale/org-netbeans-modules-javahelp_pt_BR.jar"/>
        <file crc="953947557" name="modules/locale/org-netbeans-modules-javahelp_ru.jar"/>
        <file crc="3593378048" name="modules/locale/org-netbeans-modules-javahelp_zh_CN.jar"/>
        <file crc="1825037297" name="modules/org-netbeans-modules-javahelp.jar"/>
    </module_version>
</module>
