<?xml version="1.0" encoding="UTF-8"?><module codename="org.openide.filesystems">
    <module_version install_time="1445548791998" last="true" origin="installer" specification_version="9.8.1">
        <file crc="3309650626" name="config/ModuleAutoDeps/org-openide-filesystems.xml"/>
        <file crc="3873968936" name="core/locale/org-openide-filesystems_ja.jar"/>
        <file crc="871548575" name="core/locale/org-openide-filesystems_pt_BR.jar"/>
        <file crc="3799532132" name="core/locale/org-openide-filesystems_ru.jar"/>
        <file crc="505176817" name="core/locale/org-openide-filesystems_zh_CN.jar"/>
        <file crc="3016002961" name="core/org-openide-filesystems.jar"/>
    </module_version>
</module>
