<?xml version="1.0" encoding="UTF-8"?><module codename="org.openide.loaders">
    <module_version install_time="1445549557315" last="true" origin="installer" specification_version="7.63.1">
        <file crc="1642338946" name="config/ModuleAutoDeps/org-openide-loaders.xml"/>
        <file crc="3241200" name="config/Modules/org-openide-loaders.xml"/>
        <file crc="577639778" name="modules/locale/org-openide-loaders_ja.jar"/>
        <file crc="1711353606" name="modules/locale/org-openide-loaders_pt_BR.jar"/>
        <file crc="111307044" name="modules/locale/org-openide-loaders_ru.jar"/>
        <file crc="2870204932" name="modules/locale/org-openide-loaders_zh_CN.jar"/>
        <file crc="1078122632" name="modules/org-openide-loaders.jar"/>
    </module_version>
</module>
