<?xml version="1.0" encoding="UTF-8"?><module codename="org.netbeans.core/2">
    <module_version install_time="1445549728031" last="true" origin="installer" specification_version="3.49.1">
        <file crc="1234898518" name="config/ModuleAutoDeps/org-netbeans-core.xml"/>
        <file crc="2943625018" name="config/Modules/org-netbeans-core.xml"/>
        <file crc="554401134" name="modules/locale/org-netbeans-core_ja.jar"/>
        <file crc="2085042154" name="modules/locale/org-netbeans-core_pt_BR.jar"/>
        <file crc="1840150773" name="modules/locale/org-netbeans-core_ru.jar"/>
        <file crc="282241192" name="modules/locale/org-netbeans-core_zh_CN.jar"/>
        <file crc="3171226992" name="modules/org-netbeans-core.jar"/>
    </module_version>
</module>
