<?xml version="1.0" encoding="UTF-8"?><module codename="org.openide.io">
    <module_version install_time="1445548850725" last="true" origin="installer" specification_version="1.48.1">
        <file crc="3834804485" name="config/Modules/org-openide-io.xml"/>
        <file crc="3981184889" name="modules/locale/org-openide-io_ja.jar"/>
        <file crc="168475863" name="modules/locale/org-openide-io_pt_BR.jar"/>
        <file crc="1353851758" name="modules/locale/org-openide-io_ru.jar"/>
        <file crc="3748037629" name="modules/locale/org-openide-io_zh_CN.jar"/>
        <file crc="2031029832" name="modules/org-openide-io.jar"/>
    </module_version>
</module>
