<?xml version="1.0" encoding="UTF-8"?><module codename="org.netbeans.swing.plaf">
    <module_version install_time="1445548760409" last="true" origin="installer" specification_version="1.40.1">
        <file crc="4198966476" name="config/Modules/org-netbeans-swing-plaf.xml"/>
        <file crc="4182397628" name="modules/locale/org-netbeans-swing-plaf_ja.jar"/>
        <file crc="1783976685" name="modules/locale/org-netbeans-swing-plaf_pt_BR.jar"/>
        <file crc="3608728720" name="modules/locale/org-netbeans-swing-plaf_ru.jar"/>
        <file crc="414252722" name="modules/locale/org-netbeans-swing-plaf_zh_CN.jar"/>
        <file crc="4222483187" name="modules/org-netbeans-swing-plaf.jar"/>
    </module_version>
</module>
