<?xml version="1.0" encoding="UTF-8"?><module codename="org.netbeans.modules.applemenu/1">
    <module_version install_time="1445550213229" last="true" origin="installer" specification_version="1.36.1">
        <file crc="2121659589" name="config/Modules/org-netbeans-modules-applemenu.xml"/>
        <file crc="2025992259" name="modules/locale/org-netbeans-modules-applemenu_ja.jar"/>
        <file crc="1071545680" name="modules/locale/org-netbeans-modules-applemenu_pt_BR.jar"/>
        <file crc="54032665" name="modules/locale/org-netbeans-modules-applemenu_ru.jar"/>
        <file crc="593245744" name="modules/locale/org-netbeans-modules-applemenu_zh_CN.jar"/>
        <file crc="216309636" name="modules/org-netbeans-modules-applemenu.jar"/>
    </module_version>
</module>
