<?xml version="1.0" encoding="UTF-8"?><module codename="org.netbeans.modules.editor.mimelookup/1">
    <module_version install_time="1445548808754" last="true" origin="installer" specification_version="1.39.1">
        <file crc="244035803" name="config/Modules/org-netbeans-modules-editor-mimelookup.xml"/>
        <file crc="2696790242" name="modules/locale/org-netbeans-modules-editor-mimelookup_ja.jar"/>
        <file crc="1969128329" name="modules/locale/org-netbeans-modules-editor-mimelookup_pt_BR.jar"/>
        <file crc="1229056981" name="modules/locale/org-netbeans-modules-editor-mimelookup_ru.jar"/>
        <file crc="1179597607" name="modules/locale/org-netbeans-modules-editor-mimelookup_zh_CN.jar"/>
        <file crc="1856126375" name="modules/org-netbeans-modules-editor-mimelookup.jar"/>
    </module_version>
</module>
