<?xml version="1.0" encoding="UTF-8"?><module codename="org.openide.windows">
    <module_version install_time="1445549466827" last="true" origin="installer" specification_version="6.74.1">
        <file crc="3877728110" name="config/Modules/org-openide-windows.xml"/>
        <file crc="877661658" name="modules/locale/org-openide-windows_ja.jar"/>
        <file crc="4114208379" name="modules/locale/org-openide-windows_pt_BR.jar"/>
        <file crc="1856044408" name="modules/locale/org-openide-windows_ru.jar"/>
        <file crc="758253333" name="modules/locale/org-openide-windows_zh_CN.jar"/>
        <file crc="2198795748" name="modules/org-openide-windows.jar"/>
    </module_version>
</module>
