<?xml version="1.0" encoding="UTF-8"?><module codename="org.netbeans.core.io.ui/1">
    <module_version install_time="1445549476098" last="true" origin="installer" specification_version="1.29.1">
        <file crc="937424920" name="config/Modules/org-netbeans-core-io-ui.xml"/>
        <file crc="1073073368" name="modules/locale/org-netbeans-core-io-ui_ja.jar"/>
        <file crc="1478097394" name="modules/locale/org-netbeans-core-io-ui_pt_BR.jar"/>
        <file crc="1232252507" name="modules/locale/org-netbeans-core-io-ui_ru.jar"/>
        <file crc="2365325815" name="modules/locale/org-netbeans-core-io-ui_zh_CN.jar"/>
        <file crc="3619805335" name="modules/org-netbeans-core-io-ui.jar"/>
    </module_version>
</module>
